{"data": [34.19065452573304, 2.459868799340917, 4.529990981361374, 10.353324370867753, 17.117343147408036, 2.064651796915227, 3.437807967320362, 2.19012490912319, 2.763407799425876, 2.8784193289126634, 2.000143686903492, 2.2694376675933414, 2.623745438635114, 8.881423095821763, 12.956202072453252, 2.397331535297866, 2.8151934984009266, 2.8711137837686267, 3.3058383843067825, 2.062796294602537, 3.269618523778953, 2.0190335465362237, 2.003601490257763, 3.6583156855006354, 2.147962659584342, 3.51119831278034, 24.1868087036274, 3.1689677301233736, 17.117343147408036, 17.117343147408036, 2.1882983194088923, 3.8921442486730915, 3.640909076792856, 15.316797942982053, 15.316797942982053, 2.0392299572409227, 2.0158105227158782, 2.0125042929540693, 4.680545114553761, 2.0000733057752735, 2.585007269528373, 3.87069149890167, 2.251020779651963, 8.349889347671775, 2.2032598907037544, 2.3452538666089193, 17.117343147408036, 4.7621532521868355, 5.310462590010088, 3.606931678308516, 17.117343147408036, 3.496081602294982, 15.316797942982053, 2.623745438635114, 3.117694378840566, 2.9396138666171643, 2.6338391092357596], "indices": [208, 1183, 1275, 1676, 2300, 2304, 2307, 2311, 2325, 2338, 2349, 2358, 2368, 2428, 2488, 2542, 2549, 2559, 2566, 2861, 2862, 2865, 2871, 2874, 2877, 2881, 3288, 3435, 3778, 4658, 4871, 4872, 4875, 5283, 6149, 6644, 6649, 6656, 6661, 6666, 6669, 6681, 6686, 6741, 6829, 6831, 6875, 7230, 7232, 7234, 7373, 7851, 7853, 7876, 7886, 7889, 7891], "indptr": [0, 57], "shape": [1, 7894]}