{"data": [34.19065452573304, 2.459868799340917, 4.529990981361374, 10.353324370867753, 17.117343147408036, 2.064651796915227, 3.437807967320362, 2.19012490912319, 2.763407799425876, 2.8784193289126634, 10.353324370867755, 2.000143686903492, 2.2694376675933414, 2.623745438635114, 8.881423095821763, 12.956202072453252, 2.397331535297866, 7.905075605513846, 2.8151934984009266, 2.8711137837686267, 3.3058383843067825, 2.062796294602537, 3.269618523778953, 2.0190335465362237, 2.003601490257763, 3.6583156855006354, 2.147962659584342, 3.51119831278034, 24.1868087036274, 3.1689677301233736, 17.117343147408036, 17.117343147408036, 6.537495477458817, 2.1882983194088923, 3.8921442486730915, 3.640909076792856, 15.316797942982053, 15.316797942982053, 2.0392299572409227, 2.0158105227158782, 2.0125042929540693, 4.680545114553761, 2.0000733057752735, 2.585007269528373, 3.87069149890167, 2.251020779651963, 2.093987052781458, 8.349889347671775, 2.2032598907037544, 2.3452538666089193, 17.117343147408036, 4.7621532521868355, 5.310462590010088, 3.606931678308516, 17.117343147408036, 3.496081602294982, 15.316797942982053, 2.623745438635114, 3.117694378840566, 2.9396138666171643, 2.6338391092357596], "indices": [208, 1183, 1275, 1676, 2300, 2304, 2307, 2312, 2326, 2340, 2348, 2359, 2368, 2378, 2438, 2498, 2552, 2557, 2570, 2584, 2592, 2887, 2889, 2892, 2899, 2902, 2905, 2909, 3316, 3463, 3806, 4686, 4894, 4902, 4903, 4906, 5314, 6180, 6675, 6680, 6687, 6692, 6697, 6700, 6714, 6719, 6722, 6775, 6863, 6865, 6909, 7265, 7269, 7271, 7410, 7889, 7892, 7916, 7926, 7934, 7938], "indptr": [0, 61], "shape": [1, 7940]}